[{"key":"about","value":"About","language":"en","updateTime":"2025-03-03 11:52:01"},{"key":"about_app_name","value":"App name","language":"en","updateTime":"2025-03-03 11:52:01"},{"key":"about_model","value":"Software Model","language":"en","updateTime":"2025-03-03 11:52:01"},{"key":"about_name","value":"Software Name","language":"en","updateTime":"2025-03-03 11:52:01"},{"key":"about_name_value","value":"Continuous Glucose Monitoring Mobile Application","language":"en","updateTime":"2025-03-03 11:52:01"},{"key":"about_privatePolicy","value":"Privacy Policy","language":"en","updateTime":"2025-03-03 11:52:01"},{"key":"about_register_name","value":"Register software name","language":"en","updateTime":"2025-03-03 11:52:01"},{"key":"about_releaseVersion","value":"Release Version Number","language":"en","updateTime":"2025-03-03 11:52:01"},{"key":"about_servicePolicy","value":"Terms of Service","language":"en","updateTime":"2025-03-03 11:52:01"},{"key":"about_version","value":"Software Version Number","language":"en","updateTime":"2025-03-03 11:52:01"},{"key":"about_versionCheck","value":"Check for Updates","language":"en","updateTime":"2025-03-03 11:52:01"},{"key":"about_versionCheck_value","value":"No Updates Available","language":"en","updateTime":"2025-03-03 11:52:01"},{"key":"about_version_new","value":"NEW","language":"en","updateTime":"2025-03-03 11:52:01"},{"key":"app","value":"Vixxa 1","language":"en","updateTime":"2025-03-03 11:52:01"},{"key":"appInfo","value":"APP Info","language":"en","updateTime":"2025-03-03 11:52:01"},{"key":"appInfo_company_url","value":"www.microtechmd.com","language":"en","updateTime":"2025-03-03 11:52:01"},{"key":"appInfo_instructions","value":"Consult the Electronic Instructions for Use at %1$s","language":"en","updateTime":"2025-03-03 11:52:01"},{"key":"appInfo_instructions_url","value":"microtechmd.com","language":"en","updateTime":"2025-03-03 11:52:01"},{"key":"appInfo_model","value":"Software Model:","language":"en","updateTime":"2025-03-03 11:52:01"},{"key":"appInfo_name","value":"Software Name:","language":"en","updateTime":"2025-03-03 11:52:01"},{"key":"appInfo_name_value","value":"Continuous Glucose Monitoring App","language":"en","updateTime":"2025-03-03 11:52:01"},{"key":"appInfo_releaseDate","value":"Release Date:","language":"en","updateTime":"2025-03-03 11:52:01"},{"key":"appInfo_releaseVersion","value":"Software Release Version:","language":"en","updateTime":"2025-03-03 11:52:01"},{"key":"appInfo_usage","value":"Follow instructions for use","language":"en","updateTime":"2025-03-03 11:52:01"},{"key":"appInfo_version","value":"Software Complete Version:","language":"en","updateTime":"2025-03-03 11:52:01"},{"key":"appInfo_zh_AndroidUDI","value":"(01)06958590308201(0812)","language":"en","updateTime":"2025-03-03 11:52:01"},{"key":"appInfo_zh_companyAddress","value":"No.108 Liuze Street Cangqian Street,Yuhang District,Hangzhou Zhejiang,China","language":"en","updateTime":"2025-03-03 11:52:01"},{"key":"appInfo_zh_companyAddress_title","value":"address of registrant/manufacturer","language":"en","updateTime":"2025-03-03 11:52:01"},{"key":"appInfo_zh_companyName","value":"MicroTech Medical(Hangzhou)Co.,Ltd.","language":"en","updateTime":"2025-03-03 11:52:01"},{"key":"appInfo_zh_companyName_title","value":"Name of registrant/manufacturer","language":"en","updateTime":"2025-03-03 11:52:01"},{"key":"appInfo_zh_iOSUDI","value":"(01)06958590308195(0812)","language":"en","updateTime":"2025-03-03 11:52:01"},{"key":"appInfo_zh_medicalDeviceRegistrationCertificateNumber_title","value":"Medical device registration certificate number","language":"en","updateTime":"2025-03-03 11:52:01"},{"key":"appInfo_zh_other","value":"Other","language":"en","updateTime":"2025-03-03 11:52:01"},{"key":"appInfo_zh_productionAddress","value":"No.108 Liuze Street Cangqian Street,Yuhang District,Hangzhou Zhejiang,China","language":"en","updateTime":"2025-03-03 11:52:01"},{"key":"appInfo_zh_productionAddress_title","value":"Address","language":"en","updateTime":"2025-03-03 11:52:01"},{"key":"appInfo_zh_productionLicenseNumber_title","value":"Production license number","language":"en","updateTime":"2025-03-03 11:52:01"},{"key":"appInfo_zh_releaseDate_title","value":"Release Date","language":"en","updateTime":"2025-03-03 11:52:01"},{"key":"app_crash","value":"Program encountered an error","language":"en","updateTime":"2025-03-03 11:52:01"},{"key":"app_downloading","value":"Downloading %1$s...","language":"en","updateTime":"2025-03-03 11:52:01"},{"key":"app_dstChanged","value":"The device system time has changed. Please restart the app.","language":"en","updateTime":"2025-03-03 11:52:01"},{"key":"app_goSetting","value":"Go to settings","language":"en","updateTime":"2025-03-03 11:52:01"},{"key":"app_slogan","value":"-","language":"en","updateTime":"2025-03-03 11:52:01"},{"key":"app_timeChanged","value":"The device timezone has been changed. Please restart the app.","language":"en","updateTime":"2025-03-03 11:52:01"},{"key":"app_timeZoneChanged","value":"The device timezone has been changed. Please restart the app.","language":"en","updateTime":"2025-03-03 11:52:01"},{"key":"ble_bond_alert","value":"Abnormal connection state, please try pairing again","language":"en","updateTime":"2025-03-03 11:52:01"},{"key":"ble_delete","value":"Force delete","language":"en","updateTime":"2025-03-03 11:52:01"},{"key":"ble_delete_tip","value":"Perform this operation if you have lost or damaged your sensor. After force deletion, the CGM sensor cannot be paired with other accounts.","language":"en","updateTime":"2025-03-03 11:52:01"},{"key":"ble_disconnect_alert","value":"The Bluetooth communication between your sensor and the app has been interrupted for a long time. Are you still wearing the CGM sensor?","language":"en","updateTime":"2025-03-03 11:52:01"},{"key":"ble_disconnect_alert_removed","value":"Removed","language":"en","updateTime":"2025-03-03 11:52:01"},{"key":"ble_disconnect_alert_removed_reconfirm","value":"Are you sure the sensor has been removed? Confirmation will force delete this sensor. This cannot be reversed.","language":"en","updateTime":"2025-03-03 11:52:01"},{"key":"ble_disconnect_alert_wearing","value":"Wearing","language":"en","updateTime":"2025-03-03 11:52:01"},{"key":"ble_disconnect_alert_wearing_reconfirm","value":"Please restart your phone to restore Bluetooth communication.","language":"en","updateTime":"2025-03-03 11:52:01"},{"key":"ble_history","value":"Historical Devices","language":"en","updateTime":"2025-03-03 11:52:01"},{"key":"ble_history_sn","value":"SN：%1$s","language":"en","updateTime":"2025-03-03 11:52:01"},{"key":"ble_history_time","value":"Pairing Time: %1$s","language":"en","updateTime":"2025-03-03 11:52:01"},{"key":"ble_need_pair_again","value":"We have detected that you have changed your phone. To continue receiving CGM data, please complete pairing again.","language":"en","updateTime":"2025-03-03 11:52:01"},{"key":"ble_pair","value":"Pairing","language":"en","updateTime":"2025-03-03 11:52:01"},{"key":"ble_pairList","value":"Pairing","language":"en","updateTime":"2025-03-03 11:52:01"},{"key":"ble_pairList_guide_title","value":"Choose the SN number that matches the\u00a0sensor packaging\\nClick to complete pairing","language":"en","updateTime":"2025-03-03 11:52:01"},{"key":"ble_pairList_my","value":"My\u00a0Sensors","language":"en","updateTime":"2025-03-03 11:52:01"},{"key":"ble_pairList_myHint","value":"Please select a\u00a0sensor","language":"en","updateTime":"2025-03-03 11:52:01"},{"key":"ble_pairList_my_history","value":"Click to view more %1$s","language":"en","updateTime":"2025-03-03 11:52:01"},{"key":"ble_pairList_nearby","value":"Nearby\u00a0Sensors","language":"en","updateTime":"2025-03-03 11:52:01"},{"key":"ble_pairList_nearby_empty","value":"No\u00a0Sensors\u00a0Available","language":"en","updateTime":"2025-03-03 11:52:01"},{"key":"ble_pairList_nearby_hideMore","value":"Collapse More","language":"en","updateTime":"2025-03-03 11:52:01"},{"key":"ble_pairList_nearby_showMore","value":"Show more","language":"en","updateTime":"2025-03-03 11:52:01"},{"key":"ble_pairList_snExample_or","value":"or","language":"en","updateTime":"2025-03-03 11:52:01"},{"key":"ble_pairList_snExample_title","value":"Where\u00a0is\u00a0the\u00a0serial\u00a0number?","language":"en","updateTime":"2025-03-03 11:52:01"},{"key":"ble_pairList_snInput","value":"Multiple sensors are available. To avoid connection errors, please confirm the sensor you are wearing by manually entering the SN for confirmation or %1$s.","language":"en","updateTime":"2025-03-03 11:52:01"},{"key":"ble_pairList_snInput_error","value":"The\u00a0sensor\u00a0SN number is\u00a0does not match.\u00a0Please select again.","language":"en","updateTime":"2025-03-03 11:52:01"},{"key":"ble_pairList_snInput_repick","value":"Select Again","language":"en","updateTime":"2025-03-03 11:52:01"},{"key":"ble_pairList_snInput_scan","value":"Scan QR Code","language":"en","updateTime":"2025-03-03 11:52:01"},{"key":"ble_pair_tip1","value":"After pairing successfully, you will continuously receive sensor data.","language":"en","updateTime":"2025-03-03 11:52:01"},{"key":"ble_pair_tip2","value":"Please\u00a0apply\u00a0a new\u00a0sensor\u00a0and complete \"pairing\"","language":"en","updateTime":"2025-03-03 11:52:01"},{"key":"ble_state_connecting","value":"Connecting","language":"en","updateTime":"2025-03-03 11:52:01"},{"key":"ble_state_connectingWhenDisconnect","value":"Bluetooth disconnected (%1$s), automatic connecting","language":"en","updateTime":"2025-03-03 11:52:01"},{"key":"ble_state_connect_failure","value":"Connection failed","language":"en","updateTime":"2025-03-03 11:52:01"},{"key":"ble_state_device_expire","value":"Sensor\u00a0expired, please remove.","language":"en","updateTime":"2025-03-03 11:52:01"},{"key":"ble_state_device_expire_cn","value":"The\u00a0sensor\u00a0has expired, please\u00a0apply\u00a0a new one.","language":"en","updateTime":"2025-03-03 11:52:01"},{"key":"ble_state_disable","value":"Please confirm if the\u00a0sensor has been paired with another account.","language":"en","updateTime":"2025-03-03 11:52:01"},{"key":"ble_state_enableNotify","value":"Please review the status bar notification and accept the pairing request","language":"en","updateTime":"2025-03-03 11:52:01"},{"key":"ble_state_ignoreFirst","value":"Please go to [System Settings] - [Bluetooth] - [Exclamation mark on the right of %1$s] - [Ignore this device]","language":"en","updateTime":"2025-03-03 11:52:01"},{"key":"ble_state_notConfirmedOrCancel","value":"%1$s pairing timeout not confirmed or click to cancel pairing","language":"en","updateTime":"2025-03-03 11:52:01"},{"key":"ble_state_otherParied","value":"%1$s\u00a0is currently\u00a0paired with another account, so\u00a0cannot be paired with the current account","language":"en","updateTime":"2025-03-03 11:52:01"},{"key":"ble_state_paired","value":"Paired","language":"en","updateTime":"2025-03-03 11:52:01"},{"key":"ble_state_pairing_retry","value":"Pairing retry in progress","language":"en","updateTime":"2025-03-03 11:52:01"},{"key":"ble_state_sensor_batteryLow","value":"Sensor\u00a0Battery Low","language":"en","updateTime":"2025-03-03 11:52:01"},{"key":"ble_state_sensor_error","value":"Sensor\u00a0error, please wait for recovery","language":"en","updateTime":"2025-03-03 11:52:01"},{"key":"ble_state_sensor_error_critical","value":"Sensor\u00a0Malfunction","language":"en","updateTime":"2025-03-03 11:52:01"},{"key":"ble_state_sensor_expired","value":"Sensor\u00a0Expired","language":"en","updateTime":"2025-03-03 11:52:01"},{"key":"ble_state_sensor_expired_tip","value":"The current\u00a0sensor\u00a0has expired; Please\u00a0apply\u00a0a new\u00a0sensor\u00a0and complete 'pairing'.","language":"en","updateTime":"2025-03-03 11:52:01"},{"key":"ble_state_sensor_invalid","value":"Sensor\u00a0is stabilizing, please wait for recovery","language":"en","updateTime":"2025-03-03 11:52:01"},{"key":"ble_state_sensor_newAuto","value":"Automatically\u00a0Confirming\u00a0New\u00a0Sensor","language":"en","updateTime":"2025-03-03 11:52:01"},{"key":"ble_state_sensor_replace","value":"Please replace the\u00a0sensor","language":"en","updateTime":"2025-03-03 11:52:01"},{"key":"ble_state_sensor_warming","value":"Sensor\u00a0Warm-up","language":"en","updateTime":"2025-03-03 11:52:01"},{"key":"ble_state_sensor_willFinish","value":"Warm-up will complete soon","language":"en","updateTime":"2025-03-03 11:52:01"},{"key":"ble_state_unpaired","value":"Not paired","language":"en","updateTime":"2025-03-03 11:52:01"},{"key":"ble_tip_toDoInWatch","value":"Please perform this operation on the Watch APP","language":"en","updateTime":"2025-03-03 11:52:01"},{"key":"ble_unpair","value":"Unpair","language":"en","updateTime":"2025-03-03 11:52:01"},{"key":"ble_unpair_tip","value":"After unpairing, the CGM sensor can be paired with other accounts.","language":"en","updateTime":"2025-03-03 11:52:01"},{"key":"cgm_error_max","value":"High","language":"en","updateTime":"2025-03-03 11:52:01"},{"key":"cgm_error_min","value":"Low","language":"en","updateTime":"2025-03-03 11:52:01"},{"key":"cgm_trend_fall","value":"Falling","language":"en","updateTime":"2025-03-03 11:52:01"},{"key":"cgm_trend_fallQuick","value":"Rapidly falling","language":"en","updateTime":"2025-03-03 11:52:01"},{"key":"cgm_trend_fallQuick_1","value":"Notification Glucose Level Drops Fast","language":"en","updateTime":"2025-03-03 11:52:01"},{"key":"cgm_trend_fallSlow","value":"Slowly falling","language":"en","updateTime":"2025-03-03 11:52:01"},{"key":"cgm_trend_rise","value":"Rising","language":"en","updateTime":"2025-03-03 11:52:01"},{"key":"cgm_trend_riseQuick","value":"Rapidly rising","language":"en","updateTime":"2025-03-03 11:52:01"},{"key":"cgm_trend_riseQuick_1","value":"Notification Glucose Level Rising Fast","language":"en","updateTime":"2025-03-03 11:52:01"},{"key":"cgm_trend_riseSlow","value":"Slowly rising","language":"en","updateTime":"2025-03-03 11:52:01"},{"key":"cgm_trend_stable","value":"Steady","language":"en","updateTime":"2025-03-03 11:52:01"},{"key":"cgm_unit","value":"BG Unit","language":"en","updateTime":"2025-03-03 11:52:01"},{"key":"cgm_unit_mg","value":"mg/dL","language":"en","updateTime":"2025-03-03 11:52:01"},{"key":"cgm_unit_mmol","value":"mmol/L","language":"en","updateTime":"2025-03-03 11:52:01"},{"key":"cgm_warning_high","value":"High blood glucose alert","language":"en","updateTime":"2025-03-03 11:52:01"},{"key":"cgm_warning_low","value":"Low blood glucose alert","language":"en","updateTime":"2025-03-03 11:52:01"},{"key":"cgm_warning_urgentLow","value":"Urgent Low blood glucose alert","language":"en","updateTime":"2025-03-03 11:52:01"},{"key":"com_14days","value":"14 days","language":"en","updateTime":"2025-03-03 11:52:01"},{"key":"com_30days","value":"30 days","language":"en","updateTime":"2025-03-03 11:52:01"},{"key":"com_7days","value":"7 days","language":"en","updateTime":"2025-03-03 11:52:01"},{"key":"com_actionState_doing","value":"%1$s in progress","language":"en","updateTime":"2025-03-03 11:52:01"},{"key":"com_actionState_failure","value":"%1$s failed","language":"en","updateTime":"2025-03-03 11:52:01"},{"key":"com_actionState_failure_try_again","value":"%1$s failed, please try again","language":"en","updateTime":"2025-03-03 11:52:01"},{"key":"com_actionState_reject","value":"%1$s denied","language":"en","updateTime":"2025-03-03 11:52:01"},{"key":"com_actionState_success","value":"%1$s successful","language":"en","updateTime":"2025-03-03 11:52:01"},{"key":"com_action_calibration","value":"Calibrate","language":"en","updateTime":"2025-03-03 11:52:01"},{"key":"com_action_cancel","value":"Cancel","language":"en","updateTime":"2025-03-03 11:52:01"},{"key":"com_action_delete","value":"Delete","language":"en","updateTime":"2025-03-03 11:52:01"},{"key":"com_action_feedback","value":"Feedback","language":"en","updateTime":"2025-03-03 11:52:01"},{"key":"com_action_get","value":"Require","language":"en","updateTime":"2025-03-03 11:52:01"},{"key":"com_action_login","value":"Log in","language":"en","updateTime":"2025-03-03 11:52:01"},{"key":"com_action_ok","value":"OK","language":"en","updateTime":"2025-03-03 11:52:01"},{"key":"com_action_pair","value":"Pair","language":"en","updateTime":"2025-03-03 11:52:01"},{"key":"com_action_record","value":"Record","language":"en","updateTime":"2025-03-03 11:52:01"},{"key":"com_action_save","value":"Save","language":"en","updateTime":"2025-03-03 11:52:01"},{"key":"com_action_sure","value":"Confirm","language":"en","updateTime":"2025-03-03 11:52:01"},{"key":"com_action_switch","value":"Switch","language":"en","updateTime":"2025-03-03 11:52:01"},{"key":"com_action_unpair","value":"Unpair","language":"en","updateTime":"2025-03-03 11:52:01"},{"key":"com_action_upload","value":"Upload","language":"en","updateTime":"2025-03-03 11:52:01"},{"key":"com_agree","value":"Agree","language":"en","updateTime":"2025-03-03 11:52:01"},{"key":"com_allow","value":"Allow","language":"en","updateTime":"2025-03-03 11:52:01"},{"key":"com_back","value":"Back","language":"en","updateTime":"2025-03-03 11:52:01"},{"key":"com_dateFormat_HHmm","value":"HH:mm","language":"en","updateTime":"2025-03-03 11:52:01"},{"key":"com_dateFormat_HHmmMMdd","value":"HH:mm{+}MM/dd","language":"en","updateTime":"2025-03-03 11:52:01"},{"key":"com_dateFormat_MMdd","value":"MM/dd","language":"en","updateTime":"2025-03-03 11:52:01"},{"key":"com_dateFormat_MMddHHmm","value":"MM/dd HH:mm","language":"en","updateTime":"2025-03-03 11:52:01"},{"key":"com_dateFormat_MM_dd","value":"MM/dd","language":"en","updateTime":"2025-03-03 11:52:01"},{"key":"com_dateFormat_yyyyMM","value":"yyyy/MM","language":"en","updateTime":"2025-03-03 11:52:01"},{"key":"com_dateFormat_yyyyMMdd","value":"yyyy/MM/dd","language":"en","updateTime":"2025-03-03 11:52:01"},{"key":"com_dateFormat_yyyyMMddHHmm","value":"yyyy/MM/dd HH:mm","language":"en","updateTime":"2025-03-03 11:52:01"},{"key":"com_datePicker_mulHint","value":"Please select a date range","language":"en","updateTime":"2025-03-03 11:52:01"},{"key":"com_datePicker_mulTitle","value":"Select date range","language":"en","updateTime":"2025-03-03 11:52:01"},{"key":"com_datePicker_singleHint","value":"Please\u00a0select a date","language":"en","updateTime":"2025-03-03 11:52:01"},{"key":"com_datePicker_singleTitle","value":"Select date","language":"en","updateTime":"2025-03-03 11:52:01"},{"key":"com_delete_confirm","value":"Confirm deletion?","language":"en","updateTime":"2025-03-03 11:52:01"},{"key":"com_disagree","value":"Disagree","language":"en","updateTime":"2025-03-03 11:52:01"},{"key":"com_disallow","value":"Don't\u00a0Allow","language":"en","updateTime":"2025-03-03 11:52:01"},{"key":"com_downloading","value":"Downloading data…","language":"en","updateTime":"2025-03-03 11:52:01"},{"key":"com_edit","value":"edit","language":"en","updateTime":"2025-03-03 11:52:01"},{"key":"com_exitContinue","value":"Continue to exit","language":"en","updateTime":"2025-03-03 11:52:01"},{"key":"com_gotIt","value":"Got it","language":"en","updateTime":"2025-03-03 11:52:01"},{"key":"com_inputHint","value":"Please enter %1$s","language":"en","updateTime":"2025-03-03 11:52:01"},{"key":"com_inputTitle","value":"Enter %1$s","language":"en","updateTime":"2025-03-03 11:52:01"},{"key":"com_loading","value":"Loading…","language":"en","updateTime":"2025-03-03 11:52:01"},{"key":"com_more","value":"More","language":"en","updateTime":"2025-03-03 11:52:01"},{"key":"com_network_dataError","value":"data in\u00a0incorrect\u00a0format","language":"en","updateTime":"2025-03-03 11:52:01"},{"key":"com_network_failure","value":"Network error","language":"en","updateTime":"2025-03-03 11:52:01"},{"key":"com_network_unused","value":"Network unavailable, please check your\u00a0data or wifi connection","language":"en","updateTime":"2025-03-03 11:52:01"},{"key":"com_noData","value":"No data","language":"en","updateTime":"2025-03-03 11:52:01"},{"key":"com_photoPicker_album","value":"Choose from phone gallery","language":"en","updateTime":"2025-03-03 11:52:01"},{"key":"com_photoPicker_camera","value":"Take a photo","language":"en","updateTime":"2025-03-03 11:52:01"},{"key":"com_photoPicker_pictureTooLarge","value":"Image is too large","language":"en","updateTime":"2025-03-03 11:52:01"},{"key":"com_search","value":"search","language":"en","updateTime":"2025-03-03 11:52:01"},{"key":"com_selectHint","value":"Please select %1$s","language":"en","updateTime":"2025-03-03 11:52:01"},{"key":"com_selection_mul","value":"(Multiple choices)","language":"en","updateTime":"2025-03-03 11:52:01"},{"key":"com_selection_single","value":"(Single choice)","language":"en","updateTime":"2025-03-03 11:52:01"},{"key":"com_selectTitle","value":"Select %1$s","language":"en","updateTime":"2025-03-03 11:52:01"},{"key":"com_sending","value":"Sending…","language":"en","updateTime":"2025-03-03 11:52:01"},{"key":"com_state_failure","value":"Failure","language":"en","updateTime":"2025-03-03 11:52:01"},{"key":"com_state_success","value":"Success","language":"en","updateTime":"2025-03-03 11:52:01"},{"key":"com_time_age_year","value":"%1$s years old","language":"en","updateTime":"2025-03-03 11:52:01"},{"key":"com_time_ago_justNow","value":"Just now","language":"en","updateTime":"2025-03-03 11:52:01"},{"key":"com_time_ago_minute","value":"%1$s minutes ago","language":"en","updateTime":"2025-03-03 11:52:01"},{"key":"com_time_distance_M","value":"%1$smonth","language":"en","updateTime":"2025-03-03 11:52:01"},{"key":"com_time_distance_YM","value":"%1$syear %2$smonth","language":"en","updateTime":"2025-03-03 11:52:01"},{"key":"com_time_minute","value":"Minute","language":"en","updateTime":"2025-03-03 11:52:01"},{"key":"com_time_remain_day","value":"%1$s days remaining","language":"en","updateTime":"2025-03-03 11:52:01"},{"key":"com_time_remain_hour","value":"%1$s hours remaining","language":"en","updateTime":"2025-03-03 11:52:01"},{"key":"com_unknown","value":"--","language":"en","updateTime":"2025-03-03 11:52:01"},{"key":"event","value":"Event","language":"en","updateTime":"2025-03-03 11:52:01"},{"key":"event_custom","value":"Customize","language":"en","updateTime":"2025-03-03 11:52:01"},{"key":"event_exercise_edit_unitHint","value":"Please select time unit","language":"en","updateTime":"2025-03-03 11:52:01"},{"key":"event_exercise_edit_valueHint","value":"Please enter exercise duration","language":"en","updateTime":"2025-03-03 11:52:01"},{"key":"event_exercise_name","value":"Exercise name","language":"en","updateTime":"2025-03-03 11:52:01"},{"key":"event_exercise_nameHint","value":"Please enter exercise name","language":"en","updateTime":"2025-03-03 11:52:01"},{"key":"event_exercise_quality","value":"Exercise duration","language":"en","updateTime":"2025-03-03 11:52:01"},{"key":"event_exercise_time","value":"Exercise time","language":"en","updateTime":"2025-03-03 11:52:01"},{"key":"event_exercise_unit","value":"Time unit","language":"en","updateTime":"2025-03-03 11:52:01"},{"key":"event_food_carb","value":"Carbohydrate Content (grams)","language":"en","updateTime":"2025-03-03 11:52:01"},{"key":"event_food_edit_carbHint","value":"Please enter carbohydrate content","language":"en","updateTime":"2025-03-03 11:52:01"},{"key":"event_food_edit_error","value":"Entered value exceeds the limit. Please adjust the food weight.","language":"en","updateTime":"2025-03-03 11:52:01"},{"key":"event_food_edit_fatHint","value":"Please enter fat content","language":"en","updateTime":"2025-03-03 11:52:01"},{"key":"event_food_edit_protinHint","value":"Please enter protein content","language":"en","updateTime":"2025-03-03 11:52:01"},{"key":"event_food_edit_unitHint","value":"Please specify units","language":"en","updateTime":"2025-03-03 11:52:01"},{"key":"event_food_edit_valueHint","value":"Please enter the food weight","language":"en","updateTime":"2025-03-03 11:52:01"},{"key":"event_food_fat","value":"Fat Content (grams)","language":"en","updateTime":"2025-03-03 11:52:01"},{"key":"event_food_name","value":"Food Name","language":"en","updateTime":"2025-03-03 11:52:01"},{"key":"event_food_nameHint","value":"Please enter the food name","language":"en","updateTime":"2025-03-03 11:52:01"},{"key":"event_food_protein","value":"Protein Content (grams)","language":"en","updateTime":"2025-03-03 11:52:01"},{"key":"event_food_quality","value":"Food Weight","language":"en","updateTime":"2025-03-03 11:52:01"},{"key":"event_food_slot","value":"Meal Type","language":"en","updateTime":"2025-03-03 11:52:01"},{"key":"event_food_slot_breakfirst","value":"Breakfast","language":"en","updateTime":"2025-03-03 11:52:01"},{"key":"event_food_slot_dinner","value":"Dinner","language":"en","updateTime":"2025-03-03 11:52:01"},{"key":"event_food_slot_launch","value":"Lunch","language":"en","updateTime":"2025-03-03 11:52:01"},{"key":"event_food_slot_other","value":"Snack","language":"en","updateTime":"2025-03-03 11:52:01"},{"key":"event_food_time","value":"Meal Time","language":"en","updateTime":"2025-03-03 11:52:01"},{"key":"event_food_unit","value":"Unit","language":"en","updateTime":"2025-03-03 11:52:01"},{"key":"event_history","value":"History Records","language":"en","updateTime":"2025-03-03 11:52:01"},{"key":"event_insulin_edit_valueHint","value":"Please enter injection dosage","language":"en","updateTime":"2025-03-03 11:52:01"},{"key":"event_insulin_name","value":"Insulin name","language":"en","updateTime":"2025-03-03 11:52:01"},{"key":"event_insulin_nameHint","value":"Please enter insulin name","language":"en","updateTime":"2025-03-03 11:52:01"},{"key":"event_insulin_quality","value":"Injection dosage (U)","language":"en","updateTime":"2025-03-03 11:52:01"},{"key":"event_insulin_slot","value":"Injection time period","language":"en","updateTime":"2025-03-03 11:52:01"},{"key":"event_insulin_slot_breakfirst","value":"Breakfast","language":"en","updateTime":"2025-03-03 11:52:01"},{"key":"event_insulin_slot_dinner","value":"Dinner","language":"en","updateTime":"2025-03-03 11:52:01"},{"key":"event_insulin_slot_launch","value":"Lunch","language":"en","updateTime":"2025-03-03 11:52:01"},{"key":"event_insulin_slot_other","value":"Make-up","language":"en","updateTime":"2025-03-03 11:52:01"},{"key":"event_insulin_slot_sleep","value":"Before bed","language":"en","updateTime":"2025-03-03 11:52:01"},{"key":"event_insulin_time","value":"Injection timeslot","language":"en","updateTime":"2025-03-03 11:52:01"},{"key":"event_medicine_edit_valueHint","value":"Please enter medication dosage","language":"en","updateTime":"2025-03-03 11:52:01"},{"key":"event_medicine_name","value":"Medication name","language":"en","updateTime":"2025-03-03 11:52:01"},{"key":"event_medicine_nameHint","value":"Please enter medication name","language":"en","updateTime":"2025-03-03 11:52:01"},{"key":"event_medicine_quality","value":"Dosage","language":"en","updateTime":"2025-03-03 11:52:01"},{"key":"event_medicine_slot","value":"Medication time period","language":"en","updateTime":"2025-03-03 11:52:01"},{"key":"event_medicine_slot_breakfirst","value":"Breakfast","language":"en","updateTime":"2025-03-03 11:52:01"},{"key":"event_medicine_slot_dinner","value":"Dinner","language":"en","updateTime":"2025-03-03 11:52:01"},{"key":"event_medicine_slot_launch","value":"Lunch","language":"en","updateTime":"2025-03-03 11:52:01"},{"key":"event_medicine_slot_other","value":"Other","language":"en","updateTime":"2025-03-03 11:52:01"},{"key":"event_medicine_slot_sleep","value":"Before Bed","language":"en","updateTime":"2025-03-03 11:52:01"},{"key":"event_medicine_time","value":"Medication timeslot","language":"en","updateTime":"2025-03-03 11:52:01"},{"key":"event_medicine_unit","value":"Unit","language":"en","updateTime":"2025-03-03 11:52:01"},{"key":"event_other_name","value":"Notes","language":"en","updateTime":"2025-03-03 11:52:01"},{"key":"event_other_nameHint","value":"Please record notes here","language":"en","updateTime":"2025-03-03 11:52:01"},{"key":"event_other_time","value":"Record time","language":"en","updateTime":"2025-03-03 11:52:01"},{"key":"event_type_exercise","value":"Exercise","language":"en","updateTime":"2025-03-03 11:52:01"},{"key":"event_type_food","value":"Diet","language":"en","updateTime":"2025-03-03 11:52:01"},{"key":"event_type_insulin","value":"Insulin","language":"en","updateTime":"2025-03-03 11:52:01"},{"key":"event_type_medicine","value":"Medicine","language":"en","updateTime":"2025-03-03 11:52:01"},{"key":"event_type_other","value":"Other","language":"en","updateTime":"2025-03-03 11:52:01"},{"key":"event_unsaved","value":"The current event is not saved. Are you sure you want to leave?","language":"en","updateTime":"2025-03-03 11:52:01"},{"key":"feedback","value":"Send Local Log","language":"en","updateTime":"2025-03-03 11:52:01"},{"key":"gift","value":"Welfare Center","language":"en","updateTime":"2025-03-03 11:52:01"},{"key":"gift_address_detail","value":"Street, building number, etc","language":"en","updateTime":"2025-03-03 11:52:01"},{"key":"gift_address_detail_Hint","value":"Enter up to 20 words","language":"en","updateTime":"2025-03-03 11:52:01"},{"key":"gift_address_division","value":"Provinces, cities, counties, townships, etc","language":"en","updateTime":"2025-03-03 11:52:01"},{"key":"gift_address_division_choose","value":"Select province, city, district, and county","language":"en","updateTime":"2025-03-03 11:52:01"},{"key":"gift_address_mobile","value":"Contact phone number","language":"en","updateTime":"2025-03-03 11:52:01"},{"key":"gift_address_name","value":"Consignee Name","language":"en","updateTime":"2025-03-03 11:52:01"},{"key":"gift_address_title","value":"Congratulations! Get CGM for free!","language":"en","updateTime":"2025-03-03 11:52:01"},{"key":"glucose","value":"Fingerstick BG","language":"en","updateTime":"2025-03-03 11:52:01"},{"key":"glucose_calibrate","value":"Please confirm that the fingerstick BG value used for calibration is %1$s and that the\u00a0current BG trend\u00a0is stable.","language":"en","updateTime":"2025-03-03 11:52:01"},{"key":"glucose_calibrateHint","value":"Please complete the calibration within 5 minutes of fingerstick BG measurement.","language":"en","updateTime":"2025-03-03 11:52:01"},{"key":"glucose_calibrateHint_disconnect","value":"The Bluetooth communication between your\u00a0sensor\u00a0and the app\u00a0has been\u00a0interrupted. Please try again later or restart your phone to restore communication","language":"en","updateTime":"2025-03-03 11:52:01"},{"key":"glucose_calibrateHint_unable","value":"The sensor is currently unable to accept calibration. Please try again in 1 hour.","language":"en","updateTime":"2025-03-03 11:52:01"},{"key":"glucose_history","value":"Historical Record","language":"en","updateTime":"2025-03-03 11:52:01"},{"key":"glucose_item_history","value":"Historical records","language":"en","updateTime":"2025-03-03 11:52:01"},{"key":"glucose_item_slot","value":"Recording period","language":"en","updateTime":"2025-03-03 11:52:01"},{"key":"glucose_item_time","value":"Fingerstick BG test time","language":"en","updateTime":"2025-03-03 11:52:01"},{"key":"glucose_item_tip","value":"Note\\n1. This page\u00a0allows the recording of\u00a0Fingerstick BG tests or calibrations.\\n2. When there is a significant deviation between the system reading and the fingerstick BG measurement, consider using the calibration function. Please complete the calibration within 5 minutes after\u00a0of fingerstick BG measurement. Calibration is not recommended when BG levels are rising or falling quickly.","language":"en","updateTime":"2025-03-03 11:52:01"},{"key":"glucose_item_value","value":"Fingerstick BG value","language":"en","updateTime":"2025-03-03 11:52:01"},{"key":"glucose_item_valueHint","value":"Input here (%1$s-%2$s)","language":"en","updateTime":"2025-03-03 11:52:01"},{"key":"glucose_slot_afterBreakfast","value":"After breakfast","language":"en","updateTime":"2025-03-03 11:52:01"},{"key":"glucose_slot_afterDinner","value":"After dinner","language":"en","updateTime":"2025-03-03 11:52:01"},{"key":"glucose_slot_afterLunch","value":"After lunch","language":"en","updateTime":"2025-03-03 11:52:01"},{"key":"glucose_slot_beforeDawn","value":"Early morning","language":"en","updateTime":"2025-03-03 11:52:01"},{"key":"glucose_slot_beforeDinner","value":"Before dinner","language":"en","updateTime":"2025-03-03 11:52:01"},{"key":"glucose_slot_beforeLunch","value":"Before lunch","language":"en","updateTime":"2025-03-03 11:52:01"},{"key":"glucose_slot_beforeSleep","value":"Before bedtime","language":"en","updateTime":"2025-03-03 11:52:01"},{"key":"glucose_slot_emptyStomach","value":"Empty stomach","language":"en","updateTime":"2025-03-03 11:52:01"},{"key":"glucose_slot_randomTime","value":"Random","language":"en","updateTime":"2025-03-03 11:52:01"},{"key":"glucose_type_calibration","value":"Calibration records","language":"en","updateTime":"2025-03-03 11:52:01"},{"key":"glucose_type_glucose","value":"Fingerstick BG records","language":"en","updateTime":"2025-03-03 11:52:01"},{"key":"guide_attentionAlert_tips","value":"Do not ignore symptoms of high and low glucose. If your glucose alerts and glucose readings do not match your symptoms or expectations, please measure your fingerstick glucose with a blood glucose meter.","language":"en","updateTime":"2025-03-03 11:52:01"},{"key":"guide_attentionAlert_title","value":"Alert","language":"en","updateTime":"2025-03-03 11:52:01"},{"key":"guide_bgIntro_high","value":"Glucose is above the target range","language":"en","updateTime":"2025-03-03 11:52:01"},{"key":"guide_bgIntro_low","value":"Glucose is below the target range","language":"en","updateTime":"2025-03-03 11:52:01"},{"key":"guide_bgIntro_normal","value":"Glucose is within the target range","language":"en","updateTime":"2025-03-03 11:52:01"},{"key":"guide_bgIntro_tips","value":"Target range (high and low glucose alert thresholds) are customized. Recommended\u00a0range\u00a0is %1$s - %2$s %3$s","language":"en","updateTime":"2025-03-03 11:52:01"},{"key":"guide_bgIntro_title","value":"Background Colors","language":"en","updateTime":"2025-03-03 11:52:01"},{"key":"guide_doNotDisturb_tips","value":"It is recommended not to use 'Do Not Disturb' mode as this may prevent you from receiving alerts.","language":"en","updateTime":"2025-03-03 11:52:01"},{"key":"guide_doNotDisturb_title","value":"Do Not Disturb Mode","language":"en","updateTime":"2025-03-03 11:52:01"},{"key":"guide_highThresholdSet_tips","value":"You will be alerted when your glucose readings rise above:","language":"en","updateTime":"2025-03-03 11:52:01"},{"key":"guide_insert_back","value":"Back: \\n\u00a0upper\u00a0arm","language":"en","updateTime":"2025-03-03 11:52:01"},{"key":"guide_insert_front","value":"Front: \\n abdomen","language":"en","updateTime":"2025-03-03 11:52:01"},{"key":"guide_insert_tips","value":"Use applicator\u00a0to apply the sensor.","language":"en","updateTime":"2025-03-03 11:52:01"},{"key":"guide_insert_title","value":"Apply Sensor","language":"en","updateTime":"2025-03-03 11:52:01"},{"key":"guide_lowThresholdSet_tips","value":"You will be alerted when your glucose readings fall below:","language":"en","updateTime":"2025-03-03 11:52:01"},{"key":"guide_nextStep","value":"Next","language":"en","updateTime":"2025-03-03 11:52:01"},{"key":"guide_trendIntro_title","value":"Glucose Trend Arrows","language":"en","updateTime":"2025-03-03 11:52:01"},{"key":"guide_trend_tips","value":"Arrows indicate your recent glucose trend","language":"en","updateTime":"2025-03-03 11:52:01"},{"key":"help","value":"Help Center","language":"en","updateTime":"2025-03-03 11:52:01"},{"key":"history","value":"History","language":"en","updateTime":"2025-03-03 11:52:01"},{"key":"history_boardHint","value":"--","language":"en","updateTime":"2025-03-03 11:52:01"},{"key":"history_board_title_carb","value":"Carbohydrate","language":"en","updateTime":"2025-03-03 11:52:01"},{"key":"history_board_title_exercise","value":"Exercise Duration","language":"en","updateTime":"2025-03-03 11:52:01"},{"key":"history_board_title_fat","value":"Fat","language":"en","updateTime":"2025-03-03 11:52:01"},{"key":"history_board_title_insulin","value":"Insulin Amount","language":"en","updateTime":"2025-03-03 11:52:01"},{"key":"history_board_title_medicine","value":"Medication Frequency","language":"en","updateTime":"2025-03-03 11:52:01"},{"key":"history_board_title_protein","value":"Protein","language":"en","updateTime":"2025-03-03 11:52:01"},{"key":"history_board_unit_exercise","value":"minutes","language":"en","updateTime":"2025-03-03 11:52:01"},{"key":"history_board_unit_food","value":"grams","language":"en","updateTime":"2025-03-03 11:52:01"},{"key":"history_board_unit_insulin","value":"Unit","language":"en","updateTime":"2025-03-03 11:52:01"},{"key":"history_board_unit_medicine","value":"times","language":"en","updateTime":"2025-03-03 11:52:01"},{"key":"history_chartHint","value":"--","language":"en","updateTime":"2025-03-03 11:52:01"},{"key":"history_chart_flu","value":"Maximum Fluctuation","language":"en","updateTime":"2025-03-03 11:52:01"},{"key":"history_chart_max","value":"Maximum","language":"en","updateTime":"2025-03-03 11:52:01"},{"key":"history_chart_min","value":"Minimum","language":"en","updateTime":"2025-03-03 11:52:01"},{"key":"history_event_carb","value":"Carbohydrates：%1$s%2$s","language":"en","updateTime":"2025-03-03 11:52:01"},{"key":"history_event_carb_empty","value":"Carbohydrates: --","language":"en","updateTime":"2025-03-03 11:52:01"},{"key":"history_event_fat","value":"Fat: %1$s%2$s","language":"en","updateTime":"2025-03-03 11:52:01"},{"key":"history_event_fat_empty","value":"Fat: --","language":"en","updateTime":"2025-03-03 11:52:01"},{"key":"history_event_protein","value":"Protein: %1$s%2$s","language":"en","updateTime":"2025-03-03 11:52:01"},{"key":"history_event_protein_empty","value":"Protein: --","language":"en","updateTime":"2025-03-03 11:52:01"},{"key":"history_percentHint","value":"--","language":"en","updateTime":"2025-03-03 11:52:01"},{"key":"history_percent_high_range","value":">%1$s %2$s","language":"en","updateTime":"2025-03-03 11:52:01"},{"key":"history_percent_high_title","value":"High","language":"en","updateTime":"2025-03-03 11:52:01"},{"key":"history_percent_hour","value":"%1$sHours","language":"en","updateTime":"2025-03-03 11:52:01"},{"key":"history_percent_hourMinute","value":"%1$s hours %2$s minutes","language":"en","updateTime":"2025-03-03 11:52:01"},{"key":"history_percent_low_range","value":"<%1$s %2$s","language":"en","updateTime":"2025-03-03 11:52:01"},{"key":"history_percent_low_title","value":"Low","language":"en","updateTime":"2025-03-03 11:52:01"},{"key":"history_percent_minute","value":"%1$sMins","language":"en","updateTime":"2025-03-03 11:52:01"},{"key":"history_percent_normal_range","value":"%1$s~%2$s %3$s","language":"en","updateTime":"2025-03-03 11:52:01"},{"key":"history_percent_normal_title","value":"Normal","language":"en","updateTime":"2025-03-03 11:52:01"},{"key":"history_percent_title","value":"Time in Range","language":"en","updateTime":"2025-03-03 11:52:01"},{"key":"history_seg_glucose","value":"Fingerstick BG logs","language":"en","updateTime":"2025-03-03 11:52:01"},{"key":"history_seg_warning","value":"Reminder","language":"en","updateTime":"2025-03-03 11:52:01"},{"key":"home","value":"Homepage","language":"en","updateTime":"2025-03-03 11:52:01"},{"key":"home_hour12","value":"12 Hours","language":"en","updateTime":"2025-03-03 11:52:01"},{"key":"home_hour24","value":"24 Hours","language":"en","updateTime":"2025-03-03 11:52:01"},{"key":"home_hour6","value":"6 Hours","language":"en","updateTime":"2025-03-03 11:52:01"},{"key":"home_tip_calendar","value":"Please click on the date below to navigate to a specific date","language":"en","updateTime":"2025-03-03 11:52:01"},{"key":"language","value":"Language","language":"en","updateTime":"2025-03-03 11:52:01"},{"key":"noti_appManualShutdown","value":"App has been manually closed.","language":"en","updateTime":"2025-03-03 11:52:01"},{"key":"noti_foreground_serviceName","value":"Foreground\u00a0service","language":"en","updateTime":"2025-03-03 11:52:01"},{"key":"noti_notifi","value":"Notification","language":"en","updateTime":"2025-03-03 11:52:01"},{"key":"noti_reject","value":"Decline","language":"en","updateTime":"2025-03-03 11:52:01"},{"key":"noti_signalLost","value":"Signal lost","language":"en","updateTime":"2025-03-03 11:52:01"},{"key":"noti_warning","value":"Reminder","language":"en","updateTime":"2025-03-03 11:52:01"},{"key":"ota_dialog_desc","value":"When upgrading, please note: \\n1. Please stay on this page and do not turn off the screen; \\n2. Please keep the mobile phone close to the\u00a0CGM sensor\u00a0(within 2 meters); \\n3.\u00a0The system upgrade is expected to take 2 minutes.","language":"en","updateTime":"2025-03-03 11:52:01"},{"key":"ota_dialog_done","value":"System upgrade completed","language":"en","updateTime":"2025-03-03 11:52:01"},{"key":"ota_dialog_title","value":"Upgrading system","language":"en","updateTime":"2025-03-03 11:52:01"},{"key":"permission","value":"Permission Management","language":"en","updateTime":"2025-03-03 11:52:01"},{"key":"permission_abandon_tip","value":"%1$s permission is not enabled. Please grant it in system settings in ordee to use %2$s properly.","language":"en","updateTime":"2025-03-03 11:52:01"},{"key":"permission_album_desc","value":"Used for adding a profile picture.","language":"en","updateTime":"2025-03-03 11:52:01"},{"key":"permission_album_title","value":"Vixxa 1 needs to access your photo gallery.","language":"en","updateTime":"2025-03-03 11:52:01"},{"key":"permission_album_title_ph","value":"%1$s needs to access your photo gallery.","language":"en","updateTime":"2025-03-03 11:52:01"},{"key":"permission_autoStart_tip","value":"If enabled, please ignore","language":"en","updateTime":"2025-03-03 11:52:01"},{"key":"permission_background_desc","value":"To ensure that the Vixxa 1 app can retrieve data without interruption, please allow the app to run in the background","language":"en","updateTime":"2025-03-03 11:52:01"},{"key":"permission_background_title","value":"Vixxa 1 needs background app refresh permission","language":"en","updateTime":"2025-03-03 11:52:01"},{"key":"permission_background_title_ph","value":"%1$s needs background app refresh permission","language":"en","updateTime":"2025-03-03 11:52:01"},{"key":"permission_battery","value":"To ensure the Vixxa 1 app can retrieve data in the background without interuption, please allow the app to run in the background and turn off battery optimization","language":"en","updateTime":"2025-03-03 11:52:01"},{"key":"permission_battery_ph","value":"To ensure %1$s app can retrieve data in the background without interuption, please allow the app to run in the background and turn off battery optimization","language":"en","updateTime":"2025-03-03 11:52:01"},{"key":"permission_ble_desc","value":"Your CGM and phone are connected via Bluetooth. Please ensure that the Bluetooth and related permissions on your phone are turned on to ensure the system functions properly.","language":"en","updateTime":"2025-03-03 11:52:01"},{"key":"permission_ble_title","value":"Vixxa 1 needs Bluetooth permission.","language":"en","updateTime":"2025-03-03 11:52:01"},{"key":"permission_ble_title_ph","value":"%1$s needs Bluetooth permission.","language":"en","updateTime":"2025-03-03 11:52:01"},{"key":"permission_camera_desc","value":"Used for scanning device QR codes for\u00a0pairing, etc.","language":"en","updateTime":"2025-03-03 11:52:01"},{"key":"permission_camera_title","value":"Camera permission needed.","language":"en","updateTime":"2025-03-03 11:52:01"},{"key":"permission_camera_title_ph","value":"Camera permission needed.","language":"en","updateTime":"2025-03-03 11:52:01"},{"key":"permission_desc","value":"To ensure the Vixxa 1 app functions properly, please enable the following settings:","language":"en","updateTime":"2025-03-03 11:52:01"},{"key":"permission_desc_ph","value":"To ensure the %1$s app functions properly, please enable the following settings:","language":"en","updateTime":"2025-03-03 11:52:01"},{"key":"permission_detection","value":"Refresh","language":"en","updateTime":"2025-03-03 11:52:01"},{"key":"permission_info_manualSetting","value":"Manual settings","language":"en","updateTime":"2025-03-03 11:52:01"},{"key":"permission_info_notAvailable","value":"Not available","language":"en","updateTime":"2025-03-03 11:52:01"},{"key":"permission_info_notEnable","value":"Not enabled","language":"en","updateTime":"2025-03-03 11:52:01"},{"key":"permission_item_autoStart","value":"Self-starting","language":"en","updateTime":"2025-03-03 11:52:01"},{"key":"permission_item_background","value":"Allow to run in background","language":"en","updateTime":"2025-03-03 11:52:01"},{"key":"permission_item_battery","value":"Allow to run in background","language":"en","updateTime":"2025-03-03 11:52:01"},{"key":"permission_item_ble","value":"Enable Bluetooth","language":"en","updateTime":"2025-03-03 11:52:01"},{"key":"permission_item_camera","value":"Camera","language":"en","updateTime":"2025-03-03 11:52:01"},{"key":"permission_item_location","value":"Enable location","language":"en","updateTime":"2025-03-03 11:52:01"},{"key":"permission_item_network","value":"Network","language":"en","updateTime":"2025-03-03 11:52:01"},{"key":"permission_item_notifi","value":"Enable notifications","language":"en","updateTime":"2025-03-03 11:52:01"},{"key":"permission_item_photo","value":"Album","language":"en","updateTime":"2025-03-03 11:52:01"},{"key":"permission_item_storage","value":"Local storage","language":"en","updateTime":"2025-03-03 11:52:01"},{"key":"permission_item_wirelessData","value":"Wireless Data","language":"en","updateTime":"2025-03-03 11:52:01"},{"key":"permission_location_desc","value":"Turn on location service to ensure Bluetooth connection to the CGM functions properly.","language":"en","updateTime":"2025-03-03 11:52:01"},{"key":"permission_location_desc_real","value":"%1$s uses location data to enable real-time CGMs data receiving even when the app is in the background","language":"en","updateTime":"2025-03-03 11:52:01"},{"key":"permission_location_title","value":"Vixxa 1 needs location permission.","language":"en","updateTime":"2025-03-03 11:52:01"},{"key":"permission_location_title_ph","value":"%1$s needs location permission.","language":"en","updateTime":"2025-03-03 11:52:01"},{"key":"permission_microphone_desc","value":"Used for in app video recording, etc","language":"en","updateTime":"2025-03-03 11:52:01"},{"key":"permission_microphone_title","value":"Vixxa 1 requires microphone access","language":"en","updateTime":"2025-03-03 11:52:01"},{"key":"permission_microphone_title_ph","value":"%1$s\u00a0requires microphone access","language":"en","updateTime":"2025-03-03 11:52:01"},{"key":"permission_name_bluetooth","value":"Bluetooth","language":"en","updateTime":"2025-03-03 11:52:01"},{"key":"permission_name_phoneCall","value":"Mobile phone","language":"en","updateTime":"2025-03-03 11:52:01"},{"key":"permission_net_desc","value":"Used for local network debugging.","language":"en","updateTime":"2025-03-03 11:52:01"},{"key":"permission_net_title","value":"Vixxa 1 requires network access","language":"en","updateTime":"2025-03-03 11:52:01"},{"key":"permission_net_title_ph","value":"%1$s\u00a0requires network access","language":"en","updateTime":"2025-03-03 11:52:01"},{"key":"permission_notify_desc","value":"Used for\u00a0sending\u00a0CGM notifications, such as low blood glucose alerts.","language":"en","updateTime":"2025-03-03 11:52:01"},{"key":"permission_notify_title","value":"Vixxa 1 needs notification permission.","language":"en","updateTime":"2025-03-03 11:52:01"},{"key":"permission_notify_title_ph","value":"%1$s needs notification permission.","language":"en","updateTime":"2025-03-03 11:52:01"},{"key":"permission_phone","value":"Phone authorization settings","language":"en","updateTime":"2025-03-03 11:52:01"},{"key":"permission_storage_desc","value":"Used for setting profile pictures, recording application logs\u00a0and\u00a0downloading AGP\u00a0reports","language":"en","updateTime":"2025-03-03 11:52:01"},{"key":"permission_storage_title","value":"Vixxa 1 needs local storage permission.","language":"en","updateTime":"2025-03-03 11:52:01"},{"key":"permission_storage_title_ph","value":"%1$s needs your storage permission.","language":"en","updateTime":"2025-03-03 11:52:01"},{"key":"permission_tel_desc","value":"Used for\u00a0contacting\u00a0customer support.","language":"en","updateTime":"2025-03-03 11:52:01"},{"key":"permission_tel_title","value":"Vixxa 1 requires phone access.","language":"en","updateTime":"2025-03-03 11:52:01"},{"key":"permission_tel_title_ph","value":"%1$s requires phone access.","language":"en","updateTime":"2025-03-03 11:52:01"},{"key":"permission_third","value":"Third party authorization","language":"en","updateTime":"2025-03-03 11:52:01"},{"key":"refresh_complete","value":"Refresh complete","language":"en","updateTime":"2025-03-03 11:52:01"},{"key":"refresh_failed","value":"Refresh failed","language":"en","updateTime":"2025-03-03 11:52:01"},{"key":"refresh_last_time","value":"\\'Last updated：\\'MM-dd HH:mm","language":"en","updateTime":"2025-03-03 11:52:01"},{"key":"refresh_latestTime","value":"Last update:","language":"en","updateTime":"2025-03-03 11:52:01"},{"key":"refresh_loadMore_enable","value":"Pull up to load more","language":"en","updateTime":"2025-03-03 11:52:01"},{"key":"refresh_loadMore_end","value":"All data has been loaded","language":"en","updateTime":"2025-03-03 11:52:01"},{"key":"refresh_loadMore_loading","value":"Loading more data","language":"en","updateTime":"2025-03-03 11:52:01"},{"key":"refresh_loadMore_release","value":"Release to load more","language":"en","updateTime":"2025-03-03 11:52:01"},{"key":"refresh_loadNew_enable","value":"Pull down to refresh","language":"en","updateTime":"2025-03-03 11:52:01"},{"key":"refresh_loadNew_loading","value":"Refreshing data...","language":"en","updateTime":"2025-03-03 11:52:01"},{"key":"refresh_loadNew_release","value":"Release to refresh","language":"en","updateTime":"2025-03-03 11:52:01"},{"key":"refresh_noData","value":"No records","language":"en","updateTime":"2025-03-03 11:52:01"},{"key":"refresh_today","value":"Today","language":"en","updateTime":"2025-03-03 11:52:01"},{"key":"scan","value":"Scan","language":"en","updateTime":"2025-03-03 11:52:01"},{"key":"scan_info_jt","value":"Scan the QR code of Doctor JianTang for examination","language":"en","updateTime":"2025-03-03 11:52:01"},{"key":"scan_info_jt_Hint","value":"Please scan the QR code of Doctor JianTang for examination","language":"en","updateTime":"2025-03-03 11:52:01"},{"key":"scan_info_watchOrPair","value":"Scan transmitter for pairing","language":"en","updateTime":"2025-03-03 11:52:01"},{"key":"scan_info_watchOrPair_Hint","value":"Please scan transmitter for pairing","language":"en","updateTime":"2025-03-03 11:52:01"},{"key":"scan_invalid","value":"Invalid QR code","language":"en","updateTime":"2025-03-03 11:52:01"},{"key":"scan_tip_userCenter","value":"Scan the watch authorization QR code","language":"en","updateTime":"2025-03-03 11:52:01"},{"key":"scan_watch_failure","value":"Watch authorization failed","language":"en","updateTime":"2025-03-03 11:52:01"},{"key":"scan_watch_success","value":"Watch authorization successful","language":"en","updateTime":"2025-03-03 11:52:01"},{"key":"service_choose","value":"Select Customer Service","language":"en","updateTime":"2025-03-03 11:52:01"},{"key":"service_online","value":"Online Customer Service","language":"en","updateTime":"2025-03-03 11:52:01"},{"key":"service_tel","value":"Phone Customer Service","language":"en","updateTime":"2025-03-03 11:52:01"},{"key":"share","value":"Share/Follow","language":"en","updateTime":"2025-03-03 11:52:01"},{"key":"share_abandon","value":"Unable to access shared data when browsing","language":"en","updateTime":"2025-03-03 11:52:01"},{"key":"share_add_account","value":"Add Follower","language":"en","updateTime":"2025-03-03 11:52:01"},{"key":"share_add_account_account","value":"Follower's Account","language":"en","updateTime":"2025-03-03 11:52:01"},{"key":"share_add_account_accountHint","value":"Please enter the follower's account","language":"en","updateTime":"2025-03-03 11:52:01"},{"key":"share_auth_account","value":"Add Follower","language":"en","updateTime":"2025-03-03 11:52:01"},{"key":"share_auth_tip","value":"Share your blood glucose data with other users","language":"en","updateTime":"2025-03-03 11:52:01"},{"key":"share_delete_follow","value":"Cancel Follow","language":"en","updateTime":"2025-03-03 11:52:01"},{"key":"share_delete_share","value":"Cancel Share","language":"en","updateTime":"2025-03-03 11:52:01"},{"key":"share_detail_account","value":"Account","language":"en","updateTime":"2025-03-03 11:52:01"},{"key":"share_detail_alias","value":"Nickname (Optional)","language":"en","updateTime":"2025-03-03 11:52:01"},{"key":"share_detail_aliasHint","value":"Please enter a nickname (optional)","language":"en","updateTime":"2025-03-03 11:52:01"},{"key":"share_file_title","value":"Share Files","language":"en","updateTime":"2025-03-03 11:52:01"},{"key":"share_instant_follow","value":"My Follows","language":"en","updateTime":"2025-03-03 11:52:01"},{"key":"share_instant_my","value":"My Account","language":"en","updateTime":"2025-03-03 11:52:01"},{"key":"share_instant_title","value":"Follow","language":"en","updateTime":"2025-03-03 11:52:01"},{"key":"share_manager_follow","value":"My Follows","language":"en","updateTime":"2025-03-03 11:52:01"},{"key":"share_manager_share","value":"My Shares","language":"en","updateTime":"2025-03-03 11:52:01"},{"key":"share_setting_normalWarning_tip","value":"Includes high blood glucose and low blood glucose reminders","language":"en","updateTime":"2025-03-03 11:52:01"},{"key":"share_setting_normalWarning_title","value":"Regular Reminders","language":"en","updateTime":"2025-03-03 11:52:01"},{"key":"share_setting_switch_tip","value":"You can switch to view the blood glucose data of followed users at the top of the homepage.","language":"en","updateTime":"2025-03-03 11:52:01"},{"key":"share_setting_switch_title","value":"Homescreen Shortcut","language":"en","updateTime":"2025-03-03 11:52:01"},{"key":"share_setting_urgentWarning_tip","value":"Includes emergency low blood glucose reminders","language":"en","updateTime":"2025-03-03 11:52:01"},{"key":"share_setting_urgentWarning_title","value":"Urgent Reminders","language":"en","updateTime":"2025-03-03 11:52:01"},{"key":"share_switch_failure","value":"Switch Failed","language":"en","updateTime":"2025-03-03 11:52:01"},{"key":"theme","value":"Theme","language":"en","updateTime":"2025-03-03 11:52:01"},{"key":"theme_dark","value":"Dark theme","language":"en","updateTime":"2025-03-03 11:52:01"},{"key":"theme_followSystem","value":"Match device\u00a0settings","language":"en","updateTime":"2025-03-03 11:52:01"},{"key":"theme_light","value":"Light theme","language":"en","updateTime":"2025-03-03 11:52:01"},{"key":"timeZone_alert_note","value":"Note: Changing this setting will not affect your historical records.","language":"en","updateTime":"2025-03-03 11:52:01"},{"key":"timeZone_alert_subtitle","value":"Your phone’s local time has been updated. Would you like to use the new local time on this CGMs device.","language":"en","updateTime":"2025-03-03 11:52:01"},{"key":"timeZone_alert_title","value":"Time Change Notification","language":"en","updateTime":"2025-03-03 11:52:01"},{"key":"timeZone_alert_yes","value":"Yes","language":"en","updateTime":"2025-03-03 11:52:01"},{"key":"timeZone_history","value":"Time Zone History","language":"en","updateTime":"2025-03-03 11:52:01"},{"key":"timeZone_history_createTime","value":"Create Time: %1$s","language":"en","updateTime":"2025-03-03 11:52:01"},{"key":"timeZone_history_from","value":"From","language":"en","updateTime":"2025-03-03 11:52:01"},{"key":"timeZone_history_note_desc","value":"Changing time will not affect your previous data. However, the time change may cause gaps or suppressions in the blood glucose curve.","language":"en","updateTime":"2025-03-03 11:52:01"},{"key":"timeZone_history_note_title","value":"Please Note:","language":"en","updateTime":"2025-03-03 11:52:01"},{"key":"timeZone_history_record","value":"History Record","language":"en","updateTime":"2025-03-03 11:52:01"},{"key":"timeZone_history_title","value":"Time Change History","language":"en","updateTime":"2025-03-03 11:52:01"},{"key":"timeZone_history_to","value":"To","language":"en","updateTime":"2025-03-03 11:52:01"},{"key":"timeZone_time","value":"Timezone of the sharer: %1$s\\nCurrent time: %2$s","language":"en","updateTime":"2025-03-03 11:52:01"},{"key":"trend","value":"Trends","language":"en","updateTime":"2025-03-03 11:52:01"},{"key":"trend_agp","value":"AGP","language":"en","updateTime":"2025-03-03 11:52:01"},{"key":"trend_agp_10_90","value":"10%-90%interval","language":"en","updateTime":"2025-03-03 11:52:01"},{"key":"trend_agp_25_75","value":"25%-75%interval","language":"en","updateTime":"2025-03-03 11:52:01"},{"key":"trend_agp_50","value":"50%Median","language":"en","updateTime":"2025-03-03 11:52:01"},{"key":"trend_agp_analysis_tips","value":"* Help from your clinical team is recommended to analyze and interpret the report.","language":"en","updateTime":"2025-03-03 11:52:01"},{"key":"trend_agp_date_range_tips","value":"To generate an AGP (Ambulatory Glucose Profile) report, 5-16 days of CGM data is required.","language":"en","updateTime":"2025-03-03 11:52:01"},{"key":"trend_agp_date_range_tips_ph","value":"To generate an AGP (Ambulatory Glucose Profile) report, 5-16 days of CGM data is required.","language":"en","updateTime":"2025-03-03 11:52:01"},{"key":"trend_agp_generate_ensure","value":"Generate report?","language":"en","updateTime":"2025-03-03 11:52:01"},{"key":"trend_agp_generate_fail","value":"AGP report generation failed","language":"en","updateTime":"2025-03-03 11:52:01"},{"key":"trend_agp_msg","value":"Ambulatory Glucose Profile is\u00a0an individualised\u00a0glucose profile generated by\u00a0assessing all CGM data in a specified period.\u00a0It can\u00a0be used to\u00a0identify individual blood glucose patterns. Generating an AGP profile requires 5 days or more of CGM data.","language":"en","updateTime":"2025-03-03 11:52:01"},{"key":"trend_agp_report","value":"AGP (Ambulatory Glucose Profile) report","language":"en","updateTime":"2025-03-03 11:52:01"},{"key":"trend_agp_reselect_date_range","value":"Please reselect the time period","language":"en","updateTime":"2025-03-03 11:52:01"},{"key":"trend_agp_title","value":"Ambulatory Glucose Profile (AGP)","language":"en","updateTime":"2025-03-03 11:52:01"},{"key":"trend_cgm_monitoring_coverageTime","value":"CGM Coverage Time","language":"en","updateTime":"2025-03-03 11:52:01"},{"key":"trend_cgm_monitoring_coverageTimes","value":"Monitoring Frequency","language":"en","updateTime":"2025-03-03 11:52:01"},{"key":"trend_data_main_references_tips","value":"Reference \\nBergenstal, Richard M., et al. \\\"Glucose management indicator (GMI): a new term for estimating A1C from continuous glucose monitoring.\\\" Diabetes care 41.11 (2018): 2275-2280.\\nBattelino, Tadej, et al. \\\"Clinical targets for continuous glucose monitoring data interpretation: recommendations from the international consensus on time in range.\\\" Diabetes care 42.8 (2019): 1593-1603.\\nBergenstal, Richard M., et al. \\\"Recommendations for standardizing glucose reporting and analysis to optimize clinical decision making in diabetes: the Ambulatory Glucose Profile (AGP).\\\" (2013): 198-211.\\nKovatchev, Boris P., et al. \\\"Algorithmic evaluation of metabolic control and risk of severe hypoglycemia in type 1 and type 2 diabetes using self-monitoring blood glucose data.\\\" Diabetes technology & therapeutics 5.5 (2003): 817-828.","language":"en","updateTime":"2025-03-03 11:52:01"},{"key":"trend_days_selectable","value":"Select Date","language":"en","updateTime":"2025-03-03 11:52:01"},{"key":"trend_days_select_all","value":"Select All","language":"en","updateTime":"2025-03-03 11:52:01"},{"key":"trend_days_title","value":"Multi-Day Blood Glucose Curve","language":"en","updateTime":"2025-03-03 11:52:01"},{"key":"trend_ehba1c","value":"eHbA1c","language":"en","updateTime":"2025-03-03 11:52:01"},{"key":"trend_ehba1c_msg","value":"Estimated glycated hemoglobin, calculated based on CGM glucose readings, used to assess overall blood sugar levels, with a reference value of <7%.","language":"en","updateTime":"2025-03-03 11:52:01"},{"key":"trend_lbgi","value":"LBGI","language":"en","updateTime":"2025-03-03 11:52:01"},{"key":"trend_lbgi_high","value":"High","language":"en","updateTime":"2025-03-03 11:52:01"},{"key":"trend_lbgi_low","value":"Low","language":"en","updateTime":"2025-03-03 11:52:01"},{"key":"trend_lbgi_medium","value":"Medium","language":"en","updateTime":"2025-03-03 11:52:01"},{"key":"trend_lbgi_msg","value":"Low Blood Glucose Index is used to assess the risk of severe low blood glucose. \\n\\n High risk: LBGI > 5.0\nModerate risk: 2.5 < LBGI ≤ 5.0 \\n\\n\nLow risk: 1.1 < LBGI ≤ 2.5 \\n\\n Very low risk: LBGI ≤ 1.1","language":"en","updateTime":"2025-03-03 11:52:01"},{"key":"trend_lbgi_title","value":"Low Blood Glucose Index (LBGI)","language":"en","updateTime":"2025-03-03 11:52:01"},{"key":"trend_lbgi_urgentLow","value":"Urgent Low","language":"en","updateTime":"2025-03-03 11:52:01"},{"key":"trend_mbg","value":"MBG","language":"en","updateTime":"2025-03-03 11:52:01"},{"key":"trend_mbg_msg","value":"Mean blood glucose, the average of all glucose values during CGM monitoring, used to assess overall blood sugar levels, with a reference value of %1$s-%2$s %3$s.","language":"en","updateTime":"2025-03-03 11:52:01"},{"key":"trend_tir","value":"TIR","language":"en","updateTime":"2025-03-03 11:52:01"},{"key":"trend_tir_high_range","value":"> %1$s %2$s","language":"en","updateTime":"2025-03-03 11:52:01"},{"key":"trend_tir_high_title","value":"High:","language":"en","updateTime":"2025-03-03 11:52:01"},{"key":"trend_tir_low_range","value":"< %1$s %2$s","language":"en","updateTime":"2025-03-03 11:52:01"},{"key":"trend_tir_low_title","value":"Low:","language":"en","updateTime":"2025-03-03 11:52:01"},{"key":"trend_tir_msg","value":"The target range is typically %1$s-%2$s %3$s or %4$s-%5$s %6$s.\nHigh: Time or percentage when glucose is above the target range, reference value <25%%.\nNormal: Time or percentage when glucose is within the target range, reference value >70%%.\nLow: Time or percentage when glucose is below the target range, reference value <4%%.","language":"en","updateTime":"2025-03-03 11:52:01"},{"key":"trend_tir_nodata","value":"No Data","language":"en","updateTime":"2025-03-03 11:52:01"},{"key":"trend_tir_normal_range","value":"%1$s ~ %2$s %3$s","language":"en","updateTime":"2025-03-03 11:52:01"},{"key":"trend_tir_normal_title","value":"Normal:","language":"en","updateTime":"2025-03-03 11:52:01"},{"key":"trend_tir_title","value":"Time spent within the glucose target range (TIR).","language":"en","updateTime":"2025-03-03 11:52:01"},{"key":"user_avatar","value":"Profile picture","language":"en","updateTime":"2025-03-03 11:52:01"},{"key":"user_email","value":"Email","language":"en","updateTime":"2025-03-03 11:52:01"},{"key":"user_getCode","value":"Verification code","language":"en","updateTime":"2025-03-03 11:52:01"},{"key":"user_info","value":"Personal Information","language":"en","updateTime":"2025-03-03 11:52:01"},{"key":"user_info_age","value":"Age","language":"en","updateTime":"2025-03-03 11:52:01"},{"key":"user_info_birthday","value":"Date of Birth","language":"en","updateTime":"2025-03-03 11:52:01"},{"key":"user_info_bmi","value":"BMI","language":"en","updateTime":"2025-03-03 11:52:01"},{"key":"user_info_changePhone","value":"Update mobile phone number","language":"en","updateTime":"2025-03-03 11:52:01"},{"key":"user_info_changePhone_tip","value":"1. Updating your mobile phone number will not cause any data loss.; \\n2. Please log in with a new phone number.","language":"en","updateTime":"2025-03-03 11:52:01"},{"key":"user_info_complications","value":"Complications","language":"en","updateTime":"2025-03-03 11:52:01"},{"key":"user_info_diabetesType","value":"Type of Diabetes","language":"en","updateTime":"2025-03-03 11:52:01"},{"key":"user_info_diagnosisDate","value":"Diagnosis Date","language":"en","updateTime":"2025-03-03 11:52:01"},{"key":"user_info_diseaseCourse","value":"Diagnosis Date","language":"en","updateTime":"2025-03-03 11:52:01"},{"key":"user_info_gender","value":"Gender","language":"en","updateTime":"2025-03-03 11:52:01"},{"key":"user_info_gender_female","value":"Female","language":"en","updateTime":"2025-03-03 11:52:01"},{"key":"user_info_gender_male","value":"Male","language":"en","updateTime":"2025-03-03 11:52:01"},{"key":"user_info_gender_other","value":"Other","language":"en","updateTime":"2025-03-03 11:52:01"},{"key":"user_info_height","value":"Height","language":"en","updateTime":"2025-03-03 11:52:01"},{"key":"user_info_heightUnit","value":"%1$scm","language":"en","updateTime":"2025-03-03 11:52:01"},{"key":"user_info_name","value":"Name","language":"en","updateTime":"2025-03-03 11:52:01"},{"key":"user_info_nickname","value":"Preferred Name","language":"en","updateTime":"2025-03-03 11:52:01"},{"key":"user_info_otherDisease","value":"Other Health Conditions","language":"en","updateTime":"2025-03-03 11:52:01"},{"key":"user_info_tip","value":"View and edit personal information","language":"en","updateTime":"2025-03-03 11:52:01"},{"key":"user_info_treatment","value":"Therapy","language":"en","updateTime":"2025-03-03 11:52:01"},{"key":"user_info_weight","value":"Weight","language":"en","updateTime":"2025-03-03 11:52:01"},{"key":"user_info_weightUnit","value":"%1$skg","language":"en","updateTime":"2025-03-03 11:52:01"},{"key":"user_phone","value":"Phone number","language":"en","updateTime":"2025-03-03 11:52:01"},{"key":"user_pwd","value":"Password","language":"en","updateTime":"2025-03-03 11:52:01"},{"key":"user_repwd","value":"Confirm password","language":"en","updateTime":"2025-03-03 11:52:01"},{"key":"user_security","value":"Account Security","language":"en","updateTime":"2025-03-03 11:52:01"},{"key":"user_sign_agreement","value":"I have read and agree to %1$s and %2$s","language":"en","updateTime":"2025-03-03 11:52:01"},{"key":"user_sign_desc","value":"1. When you use the Vixxa 1 app, some personal information is shared to provide essential functions (which may include account, location, and other information).\u00a0\n2. You can correct, access, delete, etc. the above information.\u00a0\n3. Without your further consent, we will not use the above information for any other purposes.\n4. Vixxa 1 requires you to turn on location in order for the bluetooth connection to the CGM sensor to function correctly. We will not collect users' location information. Please note: By clicking 'agree', you have read and agreed to our %1$s and %2$s. We will always protect your personal information and legitimate rights and interests.","language":"en","updateTime":"2025-03-03 11:52:01"},{"key":"user_sign_desc_ph","value":"1. When you use the Vixxa 1 app, some personal information is shared to provide essential functions (which may include account, location, and other information).\u00a0\n2. You can correct, access, delete, etc. the above information.\u00a0\n3. Without your further consent, we will not use the above information for any other purposes.\n4. %3$s requires you to turn on location in order for the Bluetooth connection to the CGM sensor to function normally. We will not collect users' location information. Please note: By clicking 'agree', you have read and agreed to our %1$s and %2$s. We will always protect your personal information and legitimate rights and interests.","language":"en","updateTime":"2025-03-03 11:52:01"},{"key":"user_sign_directLogin","value":"One-click login","language":"en","updateTime":"2025-03-03 11:52:01"},{"key":"user_sign_directLogin_notMyPhone","value":"Not the correct phone number?","language":"en","updateTime":"2025-03-03 11:52:01"},{"key":"user_sign_directLogin_useMyPhone","value":"One-click login with current phone number","language":"en","updateTime":"2025-03-03 11:52:01"},{"key":"user_sign_forgetPwd","value":"Forgot password?","language":"en","updateTime":"2025-03-03 11:52:01"},{"key":"user_sign_getCode","value":"Send verification code","language":"en","updateTime":"2025-03-03 11:52:01"},{"key":"user_sign_getCode_retry","value":"Retry %1$s","language":"en","updateTime":"2025-03-03 11:52:01"},{"key":"user_sign_getCode_retryTip","value":"Not receiving the verification code? Please check that you entered your email address correctly and check your spam folder.","language":"en","updateTime":"2025-03-03 11:52:01"},{"key":"user_sign_login","value":"Log in","language":"en","updateTime":"2025-03-03 11:52:01"},{"key":"user_sign_login_code","value":"Mobile login with verification code","language":"en","updateTime":"2025-03-03 11:52:01"},{"key":"user_sign_login_pwd","value":"Login with account and password","language":"en","updateTime":"2025-03-03 11:52:01"},{"key":"user_sign_logoff","value":"Delete account","language":"en","updateTime":"2025-03-03 11:52:01"},{"key":"user_sign_logoff_info","value":"WARNING: This operation will delete your account along with all data and related information. Please enter your password to proceed.","language":"en","updateTime":"2025-03-03 11:52:01"},{"key":"user_sign_logoff_unpairFirst","value":"Please unpair the\u00a0current\u00a0sensor\u00a0first","language":"en","updateTime":"2025-03-03 11:52:01"},{"key":"user_sign_logout","value":"Log out","language":"en","updateTime":"2025-03-03 11:52:01"},{"key":"user_sign_logout_force","value":"Your\u00a0account login has expired or been used on another device. Please log in again.","language":"en","updateTime":"2025-03-03 11:52:01"},{"key":"user_sign_logout_info","value":"After logging out, your historical data will not be deleted. This account can still be used in\u00a0the future.","language":"en","updateTime":"2025-03-03 11:52:01"},{"key":"user_sign_privatePolicy","value":"Privacy Agreement","language":"en","updateTime":"2025-03-03 11:52:01"},{"key":"user_sign_resetPwd","value":"Reset password","language":"en","updateTime":"2025-03-03 11:52:01"},{"key":"user_sign_resetPwdPathTip","value":"Settings - Account Security - Reset Password","language":"en","updateTime":"2025-03-03 11:52:01"},{"key":"user_sign_resetPwdTip","value":"To reset your password, please go to %1$s","language":"en","updateTime":"2025-03-03 11:52:01"},{"key":"user_sign_serviceAndPrivatePolicy","value":"Terms of Service and Privacy Agreement","language":"en","updateTime":"2025-03-03 11:52:01"},{"key":"user_sign_servicePolicy","value":"Terms of Service","language":"en","updateTime":"2025-03-03 11:52:01"},{"key":"user_sign_setPwd","value":"Set password","language":"en","updateTime":"2025-03-03 11:52:01"},{"key":"user_sign_skipSetPwd","value":"Skip","language":"en","updateTime":"2025-03-03 11:52:01"},{"key":"user_sign_tip1","value":"Unregistered mobile numbers will be automatically registered and logged in","language":"en","updateTime":"2025-03-03 11:52:01"},{"key":"user_sign_tip2","value":"Log in with an existing account","language":"en","updateTime":"2025-03-03 11:52:01"},{"key":"user_sign_toast_agreementError","value":"Please read and agree to the relevant agreements\u00a0before proceeding.","language":"en","updateTime":"2025-03-03 11:52:01"},{"key":"user_sign_toast_codeEmpty","value":"Please enter the verification code.","language":"en","updateTime":"2025-03-03 11:52:01"},{"key":"user_sign_toast_emailCodeError","value":"Incorrect email or verification code","language":"en","updateTime":"2025-03-03 11:52:01"},{"key":"user_sign_toast_emailEmpty","value":"Please enter your email address.","language":"en","updateTime":"2025-03-03 11:52:01"},{"key":"user_sign_toast_emailError","value":"Incorrect email format","language":"en","updateTime":"2025-03-03 11:52:01"},{"key":"user_sign_toast_emailPwdError","value":"Incorrect email or verification code","language":"en","updateTime":"2025-03-03 11:52:01"},{"key":"user_sign_toast_phoneCodeError","value":"Incorrect phone number or verification code","language":"en","updateTime":"2025-03-03 11:52:01"},{"key":"user_sign_toast_phoneEmpty","value":"Please enter your phone number.","language":"en","updateTime":"2025-03-03 11:52:01"},{"key":"user_sign_toast_phoneError","value":"Incorrect phone number","language":"en","updateTime":"2025-03-03 11:52:01"},{"key":"user_sign_toast_phonePwdError","value":"Incorrect phone number or password","language":"en","updateTime":"2025-03-03 11:52:01"},{"key":"user_sign_toast_pwdEmpty","value":"Please enter\u00a0your\u00a0password.","language":"en","updateTime":"2025-03-03 11:52:01"},{"key":"user_sign_toast_pwdFormat","value":"Passwords only support uppercase letters, lowercase letters and numbers. Length must be between 8 and 16 characters.","language":"en","updateTime":"2025-03-03 11:52:01"},{"key":"user_sign_toast_repwdError","value":"Passwords do not match","language":"en","updateTime":"2025-03-03 11:52:01"},{"key":"user_warning","value":"Reminder Settings","language":"en","updateTime":"2025-03-03 11:52:01"},{"key":"user_warning_fallQuick_switch","value":"Rapid BG Fall Alert","language":"en","updateTime":"2025-03-03 11:52:01"},{"key":"user_warning_frequence_minutes15","value":"15 minutes","language":"en","updateTime":"2025-03-03 11:52:01"},{"key":"user_warning_frequence_minutes30","value":"30 minutes","language":"en","updateTime":"2025-03-03 11:52:01"},{"key":"user_warning_frequence_minutes45","value":"45 minutes","language":"en","updateTime":"2025-03-03 11:52:01"},{"key":"user_warning_frequence_minutes5","value":"5 minutes","language":"en","updateTime":"2025-03-03 11:52:01"},{"key":"user_warning_frequence_minutes60","value":"60 minutes","language":"en","updateTime":"2025-03-03 11:52:01"},{"key":"user_warning_frequence_tip","value":"Repeat every %1$s","language":"en","updateTime":"2025-03-03 11:52:01"},{"key":"user_warning_frequence_title","value":"Alert Frequency","language":"en","updateTime":"2025-03-03 11:52:01"},{"key":"user_warning_high_switch","value":"High BG Alert","language":"en","updateTime":"2025-03-03 11:52:01"},{"key":"user_warning_high_value","value":"High BG Alert Threshold","language":"en","updateTime":"2025-03-03 11:52:01"},{"key":"user_warning_low_switch","value":"Low BG Alert","language":"en","updateTime":"2025-03-03 11:52:01"},{"key":"user_warning_low_value","value":"Low BG Alert Theshold","language":"en","updateTime":"2025-03-03 11:52:01"},{"key":"user_warning_mode_sound","value":"Sound","language":"en","updateTime":"2025-03-03 11:52:01"},{"key":"user_warning_mode_soundAndVibrate","value":"Sound and vibration","language":"en","updateTime":"2025-03-03 11:52:01"},{"key":"user_warning_mode_title","value":"Alert Method","language":"en","updateTime":"2025-03-03 11:52:01"},{"key":"user_warning_mode_vibrate","value":"Vibration","language":"en","updateTime":"2025-03-03 11:52:01"},{"key":"user_warning_normal_content","value":"Reminder\u00a0Type","language":"en","updateTime":"2025-03-03 11:52:01"},{"key":"user_warning_normal_mode","value":"Mode and Frequency","language":"en","updateTime":"2025-03-03 11:52:01"},{"key":"user_warning_riseQuick_switch","value":"Rapid BG Rise Alert","language":"en","updateTime":"2025-03-03 11:52:01"},{"key":"user_warning_section_normal","value":"Regular\u00a0Reminders","language":"en","updateTime":"2025-03-03 11:52:01"},{"key":"user_warning_section_system","value":"System reminders","language":"en","updateTime":"2025-03-03 11:52:01"},{"key":"user_warning_section_urgent","value":"Emergency\u00a0Reminders","language":"en","updateTime":"2025-03-03 11:52:01"},{"key":"user_warning_signalLost_action_remove","value":"Removed","language":"en","updateTime":"2025-03-03 11:52:01"},{"key":"user_warning_signalLost_action_using","value":"Wearing","language":"en","updateTime":"2025-03-03 11:52:01"},{"key":"user_warning_signalLost_alert_check","value":"The Bluetooth communication between your sensor and the app has been interrupted for a long time. Are you still wearing the CGM sensor?","language":"en","updateTime":"2025-03-03 11:52:01"},{"key":"user_warning_signalLost_alert_checkRemove","value":"Are you sure the sensor has been removed? Confirmation will force delete this sensor. This cannot be reversed.","language":"en","updateTime":"2025-03-03 11:52:01"},{"key":"user_warning_signalLost_alert_reuse","value":"Please restart your phone to restore Bluetooth communication.","language":"en","updateTime":"2025-03-03 11:52:01"},{"key":"user_warning_signalLost_switch","value":"Signal lost","language":"en","updateTime":"2025-03-03 11:52:01"},{"key":"user_warning_urgentLow_info","value":"The urgent low blood glucose alert\u00a0threshold is fixed at %1$s %2$s.","language":"en","updateTime":"2025-03-03 11:52:01"},{"key":"user_warning_urgentLow_reconfirm","value":"Are you sure you want to turn off urgent low blood glucose alert? This alert can help you get timely notifications when your blood glucose is below %1$s!","language":"en","updateTime":"2025-03-03 11:52:01"},{"key":"user_warning_urgentLow_switch","value":"Urgent Low BG Alert","language":"en","updateTime":"2025-03-03 11:52:01"},{"key":"user_warning_urgentLow_value","value":"Urgent Low BG Alert Threshold","language":"en","updateTime":"2025-03-03 11:52:01"},{"key":"version_policy_update_disagree","value":"You must agree to continue using the Vixxa 1 app.","language":"en","updateTime":"2025-03-03 11:52:01"},{"key":"version_policy_update_disagree_ph","value":"If you disagree, you will not be able to continue using the %1$s app.","language":"en","updateTime":"2025-03-03 11:52:01"},{"key":"version_policy_update_tip","value":"You can search for complete content through %1$s.","language":"en","updateTime":"2025-03-03 11:52:01"},{"key":"version_policy_update_title","value":"Privacy Agreement Update","language":"en","updateTime":"2025-03-03 11:52:01"},{"key":"version_update","value":"New Version Available: %1$s","language":"en","updateTime":"2025-03-03 11:52:01"},{"key":"version_update_ignore","value":"Not now","language":"en","updateTime":"2025-03-03 11:52:01"},{"key":"version_update_sure","value":"Update now","language":"en","updateTime":"2025-03-03 11:52:01"},{"key":"watch","value":"Watch","language":"en","updateTime":"2025-03-03 11:52:01"},{"key":"web_failure","value":"The webpage cannot be found","language":"en","updateTime":"2025-03-03 11:52:01"},{"key":"week_fri","value":"Fri","language":"en","updateTime":"2025-03-03 11:52:01"},{"key":"week_mon","value":"Mon","language":"en","updateTime":"2025-03-03 11:52:01"},{"key":"week_sat","value":"Sat","language":"en","updateTime":"2025-03-03 11:52:01"},{"key":"week_sun","value":"Sun","language":"en","updateTime":"2025-03-03 11:52:01"},{"key":"week_thu","value":"Thu","language":"en","updateTime":"2025-03-03 11:52:01"},{"key":"week_tue","value":"Tue","language":"en","updateTime":"2025-03-03 11:52:01"},{"key":"week_wed","value":"Wed","language":"en","updateTime":"2025-03-03 11:52:01"},{"key":"welcome_desc","value":"Step into a healthier and more active life!","language":"en","updateTime":"2025-03-03 11:52:01"},{"key":"welcome_login","value":"Login","language":"en","updateTime":"2025-03-03 11:52:01"},{"key":"welcome_register","value":"Register","language":"en","updateTime":"2025-03-03 11:52:01"},{"key":"welcome_title","value":"Welcome to Vixxa 1!","language":"en","updateTime":"2025-03-03 11:52:01"},{"key":"welcome_title_ph","value":"Welcome to %1$s!","language":"en","updateTime":"2025-03-03 11:52:01"},{"key":"widget_updateTime","value":"Last Updated","language":"en","updateTime":"2025-03-03 11:52:01"}]