[{"name":"minute","value":0,"eventType":3,"isDefault":0,"ratio":1,"updateTime":"2024-08-04 15:49:09"},{"name":"hour","value":1,"eventType":3,"isDefault":1,"ratio":60,"updateTime":"2024-08-04 15:49:09"},{"name":"mg","value":0,"eventType":2,"isDefault":0,"ratio":1,"updateTime":"2024-08-04 15:49:09"},{"name":"g","value":1,"eventType":2,"isDefault":1,"ratio":1000,"updateTime":"2024-08-04 15:49:09"},{"name":"piece","value":2,"eventType":2,"isDefault":1,"ratio":0.2,"updateTime":"2024-08-04 15:49:09"},{"name":"capsule","value":3,"eventType":2,"isDefault":1,"ratio":0.5,"updateTime":"2024-08-04 15:49:09"},{"name":"g","value":0,"eventType":1,"isDefault":0,"ratio":1,"updateTime":"2024-08-04 15:49:09"},{"name":"kg","value":1,"eventType":1,"isDefault":1,"ratio":1000,"updateTime":"2024-08-04 15:49:09"},{"name":"mL","value":2,"eventType":1,"isDefault":1,"ratio":1,"updateTime":"2024-08-04 15:49:09"},{"name":"L","value":3,"eventType":1,"isDefault":1,"ratio":1000,"updateTime":"2024-08-04 15:49:09"},{"name":"U","value":0,"eventType":4,"isDefault":0,"ratio":1,"updateTime":"2024-08-04 15:49:09"},{"name":"minute","value":0,"eventType":3,"isDefault":0,"ratio":1,"language":"en","updateTime":"2024-08-04 15:49:16"},{"name":"мин.","value":0,"eventType":3,"isDefault":0,"ratio":1,"language":"ru","updateTime":"2024-08-04 15:49:16"},{"name":"分钟","value":0,"eventType":3,"isDefault":0,"ratio":1,"language":"zh-Hans-CN","updateTime":"2024-08-04 15:49:16"},{"name":"hour","value":1,"eventType":3,"isDefault":1,"ratio":60,"language":"en","updateTime":"2024-08-04 15:49:16"},{"name":"ч.","value":1,"eventType":3,"isDefault":1,"ratio":60,"language":"ru","updateTime":"2024-08-04 15:49:16"},{"name":"小时","value":1,"eventType":3,"isDefault":1,"ratio":60,"language":"zh-Hans-CN","updateTime":"2024-08-04 15:49:16"},{"name":"mg","value":0,"eventType":2,"isDefault":0,"ratio":1,"language":"en","updateTime":"2024-08-04 15:49:16"},{"name":"мг.","value":0,"eventType":2,"isDefault":0,"ratio":1,"language":"ru","updateTime":"2024-08-04 15:49:16"},{"name":"毫克","value":0,"eventType":2,"isDefault":0,"ratio":1,"language":"zh-Hans-CN","updateTime":"2024-08-04 15:49:16"},{"name":"g","value":1,"eventType":2,"isDefault":1,"ratio":1000,"language":"en","updateTime":"2024-08-04 15:49:16"},{"name":"г.","value":1,"eventType":2,"isDefault":1,"ratio":1000,"language":"ru","updateTime":"2024-08-04 15:49:16"},{"name":"克","value":1,"eventType":2,"isDefault":1,"ratio":1000,"language":"zh-Hans-CN","updateTime":"2024-08-04 15:49:16"},{"name":"piece","value":2,"eventType":2,"isDefault":1,"ratio":0,"language":"en","updateTime":"2024-08-04 15:49:16"},{"name":"шт.","value":2,"eventType":2,"isDefault":1,"ratio":0,"language":"ru","updateTime":"2024-08-04 15:49:16"},{"name":"片","value":2,"eventType":2,"isDefault":1,"ratio":0,"language":"zh-Hans-CN","updateTime":"2024-08-04 15:49:16"},{"name":"capsule","value":3,"eventType":2,"isDefault":1,"ratio":0,"language":"en","updateTime":"2024-08-04 15:49:16"},{"name":"капсул","value":3,"eventType":2,"isDefault":1,"ratio":0,"language":"ru","updateTime":"2024-08-04 15:49:16"},{"name":"粒","value":3,"eventType":2,"isDefault":1,"ratio":0,"language":"zh-Hans-CN","updateTime":"2024-08-04 15:49:16"},{"name":"g","value":0,"eventType":1,"isDefault":0,"ratio":1,"language":"en","updateTime":"2024-08-04 15:49:16"},{"name":"г.","value":0,"eventType":1,"isDefault":0,"ratio":1,"language":"ru","updateTime":"2024-08-04 15:49:16"},{"name":"克","value":0,"eventType":1,"isDefault":0,"ratio":1,"language":"zh-Hans-CN","updateTime":"2024-08-04 15:49:16"},{"name":"kg","value":1,"eventType":1,"isDefault":1,"ratio":1000,"language":"en","updateTime":"2024-08-04 15:49:16"},{"name":"кг.","value":1,"eventType":1,"isDefault":1,"ratio":1000,"language":"ru","updateTime":"2024-08-04 15:49:16"},{"name":"千克","value":1,"eventType":1,"isDefault":1,"ratio":1000,"language":"zh-Hans-CN","updateTime":"2024-08-04 15:49:16"},{"name":"mL","value":2,"eventType":1,"isDefault":1,"ratio":1,"language":"en","updateTime":"2024-08-04 15:49:16"},{"name":"мл.","value":2,"eventType":1,"isDefault":1,"ratio":1,"language":"ru","updateTime":"2024-08-04 15:49:16"},{"name":"毫升","value":2,"eventType":1,"isDefault":1,"ratio":1,"language":"zh-Hans-CN","updateTime":"2024-08-04 15:49:16"},{"name":"L","value":3,"eventType":1,"isDefault":1,"ratio":1000,"language":"en","updateTime":"2024-08-04 15:49:16"},{"name":"л.","value":3,"eventType":1,"isDefault":1,"ratio":1000,"language":"ru","updateTime":"2024-08-04 15:49:16"},{"name":"升","value":3,"eventType":1,"isDefault":1,"ratio":1000,"language":"zh-Hans-CN","updateTime":"2024-08-04 15:49:16"},{"name":"U","value":0,"eventType":4,"isDefault":0,"ratio":1,"language":"en","updateTime":"2024-08-04 15:49:16"},{"name":"Ед.","value":0,"eventType":4,"isDefault":0,"ratio":1,"language":"ru","updateTime":"2024-08-04 15:49:16"},{"name":"U","value":0,"eventType":4,"isDefault":0,"ratio":1,"language":"zh-Hans-CN","updateTime":"2024-08-04 15:49:16"},{"name":"两","value":4,"eventType":1,"isDefault":1,"ratio":50,"language":"zh-Hans-CN","updateTime":"2024-08-04 15:49:16"},{"name":"斤","value":5,"eventType":1,"isDefault":1,"ratio":500,"language":"zh-Hans-CN","updateTime":"2024-08-04 15:49:16"}]