[{"code":"bg","chineseName":"保加利亚语","name":"Български език","updateTime":"2025-01-15 16:40:25"},{"code":"az","chineseName":"阿塞拜疆语","name":"AzerbayjanlıName","updateTime":"2025-01-13 12:00:58"},{"code":"sr","chineseName":"塞尔维亚语","name":"Srpski jezik","updateTime":"2025-01-13 12:00:19"},{"code":"pl","chineseName":"波兰语","name":"Polski","updateTime":"2024-08-22 08:52:34"},{"code":"np","chineseName":"尼泊尔语","name":"नेपाली","updateTime":"2024-08-21 09:28:39"},{"code":"hu","chineseName":"匈牙利语","name":"Magyar nyelv","updateTime":"2024-08-20 10:34:36"},{"code":"et","chineseName":"爱沙尼亚语","name":"Eesti keel","updateTime":"2024-08-20 10:33:24"},{"code":"bs","chineseName":"波斯尼亚语","name":"Bosanski jezik","updateTime":"2024-08-20 10:30:53"},{"code":"my","chineseName":"缅甸语","name":"ဗာရမ်","updateTime":"2024-08-20 10:28:58"},{"code":"vi","chineseName":"越南语","name":"Tiếng Việt","updateTime":"2024-08-20 10:26:15"},{"code":"ar","chineseName":"阿拉伯语","name":"العربية","updateTime":"2023-12-07 17:23:54"},{"code":"el-GR","chineseName":"希腊语-希腊","name":"Ελληνικά","updateTime":"2023-12-07 17:16:37"},{"code":"pt-BR","chineseName":"葡萄牙语-巴西","name":"Português Brasileiro","updateTime":"2023-12-07 17:16:36"},{"code":"hr-HR","chineseName":"克罗地亚语-克罗地亚","name":"Hrvatski","updateTime":"2023-12-07 17:16:36"},{"code":"pl-PL","chineseName":"波兰语-波兰","name":"Polski","updateTime":"2023-12-07 17:16:36"},{"code":"sl-SI","chineseName":"斯洛文尼亚语-斯洛文尼亚","name":"Slovenščina","updateTime":"2023-12-07 17:16:36"},{"code":"bs-BA","chineseName":"波斯尼亚语-波斯尼亚和黑塞哥维亚（波黑）","name":"Bosanski","updateTime":"2023-12-07 17:16:36"},{"code":"bg-BG","chineseName":"保加利亚语-保加利亚","name":"Български език","updateTime":"2023-12-07 17:16:36"},{"code":"pt-PT","chineseName":"葡萄牙语-葡萄牙","name":"Português","updateTime":"2023-12-07 17:16:36"},{"code":"es","chineseName":"西班牙语","name":"español","updateTime":"2023-12-07 17:16:36"},{"code":"tr","chineseName":"土耳其语","name":"Türkçe","updateTime":"2023-12-07 17:16:36"},{"code":"sv","chineseName":"瑞典语","name":"svenska","updateTime":"2023-12-07 17:16:36"},{"code":"sk","chineseName":"斯洛伐克语","name":"Slovenská","updateTime":"2023-12-07 17:16:36"},{"code":"ru","chineseName":"俄罗斯语","name":"русский язык","updateTime":"2023-12-07 17:16:36"},{"code":"ro","chineseName":"罗马尼亚语","name":"română","updateTime":"2023-12-07 17:16:36"},{"code":"mn-MN","chineseName":"蒙古语","name":"Монгол","updateTime":"2023-12-07 17:16:36"},{"code":"fr","chineseName":"法语","name":"français","updateTime":"2023-12-07 17:16:36"},{"code":"de","chineseName":"德语","name":"Deutsch","updateTime":"2023-12-07 17:16:36"},{"code":"cs","chineseName":"捷克语","name":"čeština","updateTime":"2023-12-07 17:16:36"},{"code":"zh-Hant-TW","chineseName":"繁体中文（台湾地区）","name":"繁體中文","updateTime":"2023-12-07 17:16:36"},{"code":"it","chineseName":"意大利语","name":"italiano","updateTime":"2023-12-07 17:16:36"},{"code":"zh-Hans-CN","chineseName":"简体中文","name":"简体中文","updateTime":"2023-09-07 13:25:13"},{"code":"en","chineseName":"英语","name":"English","updateTime":"2023-09-07 13:25:08"}]